id,name,x,y,hue
0,0,103,993,169
275,275,846,741,288
291,291,924,910,127
249,249,858,786,59
299,299,711,531,172
121,121,201,228,248
287,287,892,866,85
65,65,166,925,142
70,70,128,984,161
218,218,687,560,184
62,62,149,890,205
74,74,362,493,161
164,164,401,550,193
282,282,889,802,251
273,273,821,707,265
186,186,541,389,187
233,233,411,517,185
298,298,998,104,172
188,188,492,396,178
240,240,746,620,200
110,110,288,343,257
130,130,110,131,168
311,311,849,327,59
128,128,114,157,165
259,259,727,564,196
210,210,523,686,174
229,229,480,427,172
153,153,660,649,179
213,213,613,671,168
343,343,757,444,209
7,7,329,656,215
59,59,204,874,94
86,86,213,269,258
154,154,634,673,183
20,20,174,893,138
224,224,622,435,169
72,72,384,529,168
58,58,184,849,224
205,205,420,601,182
60,60,166,866,212
175,175,697,619,166
322,322,989,136,168
27,27,369,571,199
1,1,399,550,188
69,69,136,961,159
101,101,334,475,143
24,24,124,965,165
102,102,356,449,203
135,135,422,470,171
55,55,226,846,72
269,269,812,682,258
206,206,433,623,183
165,165,520,713,187
85,85,229,291,273
225,225,592,421,191
297,297,975,980,161
39,39,295,670,252
274,274,837,726,280
88,88,191,237,233
217,217,677,592,189
46,46,269,765,65
149,149,699,550,181
239,239,738,606,198
157,157,538,701,174
345,345,725,474,198
300,300,723,513,169
4,4,367,602,160
204,204,497,708,177
77,77,326,442,139
106,106,330,413,215
197,197,395,609,165
232,232,426,490,181
260,260,701,584,166
267,267,790,655,233
119,119,218,246,266
319,319,964,152,202
222,222,663,468,191
293,293,935,939,137
95,95,387,520,191
329,329,914,206,241
144,144,642,436,188
176,176,704,597,171
192,192,420,443,186
54,54,202,807,244
92,92,124,134,194
221,221,675,492,169
141,141,581,405,172
307,307,806,389,104
290,290,937,877,208
264,264,731,630,157
137,137,463,430,179
327,327,921,169,236
234,234,407,569,175
104,104,337,432,210
15,15,224,810,261
48,48,281,760,74
242,242,767,648,211
50,50,233,771,272
251,251,885,829,82
116,116,212,293,81
75,75,351,477,156
159,159,479,684,172
99,99,327,493,132
281,281,853,807,54
309,309,829,357,76
21,21,157,910,205
31,31,351,596,206
113,113,250,349,54
32,32,372,620,160
136,136,439,450,168
139,139,524,402,183
174,174,691,640,180
331,331,888,228,269
284,284,908,816,231
208,208,471,664,174
305,305,781,429,139
182,182,634,409,174
256,256,954,929,155
214,214,638,653,177
193,193,405,467,170
241,241,756,632,205
314,314,893,261,90
226,226,566,413,175
235,235,994,991,168
262,262,715,611,162
263,263,766,618,214
304,304,769,449,149
40,40,326,695,128
129,129,146,140,205
317,317,935,194,218
294,294,970,922,195
91,91,141,158,201
341,341,772,404,221
117,117,228,278,273
172,172,661,670,189
108,108,311,393,230
156,156,577,693,172
308,308,817,372,89
223,223,649,453,166
181,181,655,426,191
278,278,839,783,56
56,56,197,826,236
33,33,343,614,210
13,13,252,772,56
22,22,152,927,154
257,257,962,945,158
338,338,836,369,67
168,168,585,715,183
347,347,720,543,168
90,90,157,186,208
237,237,713,573,189
292,292,946,902,202
109,109,302,367,242
216,216,667,614,192
191,191,441,426,180
143,143,621,418,192
178,178,700,484,184
247,247,830,746,64
328,328,948,206,152
167,167,558,717,182
36,36,344,650,147
41,41,283,693,263
187,187,513,390,172
195,195,391,506,165
316,316,923,212,228
303,303,758,461,156
310,310,838,343,67
118,118,195,266,102
150,150,697,579,181
313,313,876,288,71
238,238,728,589,194
196,196,392,592,171
162,162,415,617,178
184,184,582,390,169
219,219,681,538,169
89,89,178,215,221
100,100,366,472,198
243,243,780,667,221
131,131,122,114,196
122,122,164,229,140
43,43,269,723,274
231,231,433,468,190
61,61,189,897,114
29,29,359,581,203
151,151,688,606,188
44,44,300,744,92
258,258,975,963,163
250,250,871,805,69
301,301,735,492,198
93,93,169,201,215
6,6,343,636,207
111,111,270,386,67
28,28,389,584,165
134,134,408,498,168
64,64,137,909,199
334,334,887,309,78
323,323,968,125,202
189,189,468,403,172
280,280,871,781,267
198,198,402,630,187
155,155,609,688,165
295,295,953,959,151
248,248,843,766,55
285,285,880,842,74
227,227,536,410,172
220,220,680,513,177
103,103,321,448,131
170,170,629,696,167
51,51,253,802,54
25,25,381,555,195
261,261,752,595,206
201,201,439,670,175
166,166,541,717,173
34,34,356,634,154
252,252,903,852,104
325,325,951,143,210
146,146,678,469,193
228,228,507,415,177
306,306,792,406,233
125,125,167,173,216
276,276,830,767,62
340,340,814,401,89
148,148,696,524,179
17,17,204,842,241
312,312,865,304,62
3,3,375,587,195
286,286,915,838,224
279,279,858,760,280
12,12,264,753,277
332,332,909,265,108
330,330,924,235,132
152,152,678,630,165
342,342,791,441,121
2,2,388,570,191
66,66,132,931,197
236,236,701,551,187
142,142,603,410,165
107,107,285,415,80
23,23,137,945,160
230,230,455,445,171
47,47,254,737,288
180,180,671,438,192
158,158,506,694,181
35,35,330,627,218
127,127,163,150,215
302,302,746,474,202
82,82,265,347,275
76,76,339,459,149
215,215,657,633,193
97,97,363,515,160
277,277,816,749,73
19,19,183,878,128
335,335,842,301,287
57,57,210,861,88
202,202,452,682,165
68,68,115,949,192
200,200,429,661,188
11,11,277,733,265
115,115,222,312,71
339,339,790,372,237
337,337,811,339,260
255,255,941,913,147
9,9,303,694,238
145,145,663,452,171
5,5,359,617,157
244,244,790,687,106
289,289,908,885,105
112,112,260,366,60
179,179,689,461,191
344,344,766,472,149
245,245,802,703,242
266,266,752,654,146
324,324,981,146,167
254,254,926,890,134
283,283,868,826,64
83,83,250,326,288
138,138,489,414,188
346,346,742,522,160
14,14,239,792,65
265,265,777,633,221
333,333,866,266,288
326,326,967,171,162
45,45,243,747,283
53,53,233,823,67
78,78,317,426,129
315,315,909,234,243
132,132,346,499,150
26,26,402,567,168
123,123,188,204,233
203,203,472,694,173
140,140,554,402,177
321,321,985,120,195
268,268,765,681,133
16,16,215,826,252
320,320,971,137,199
133,133,401,529,172
288,288,927,856,215
163,163,405,589,170
81,81,281,370,260
120,120,176,242,128
79,79,307,410,231
211,211,552,690,177
38,38,334,676,138
173,173,680,655,170
126,126,133,176,159
98,98,375,494,194
124,124,151,199,151
171,171,644,686,175
87,87,201,251,244
169,169,612,706,168
160,160,452,665,177
30,30,383,603,164
207,207,449,644,192
194,194,393,488,186
73,73,372,510,165
336,336,856,344,54
96,96,394,510,191
10,10,292,713,89
272,272,800,730,89
270,270,779,709,114
271,271,798,675,241
18,18,192,858,228
105,105,303,434,103
185,185,560,390,184
52,52,218,794,259
114,114,238,332,59
253,253,914,870,118
209,209,497,676,165
147,147,690,495,181
67,67,155,942,149
296,296,980,946,191
318,318,951,173,208
161,161,431,640,186
71,71,102,103,189
42,42,306,717,102
80,80,298,396,242
199,199,415,646,165
37,37,315,643,230
183,183,609,398,165
63,63,179,913,128
212,212,589,680,188
94,94,363,533,158
8,8,317,675,225
246,246,817,723,259
190,190,457,413,191
177,177,705,507,186
49,49,262,785,60
84,84,240,307,283
